-- phpMyAdmin SQL Dump
-- version 5.2.0
-- https://www.phpmyadmin.net/
--
-- Host: localhost:3306
-- Generation Time: Jul 14, 2023 at 08:39 AM
-- Server version: 10.11.0-MariaDB
-- PHP Version: 7.4.19

SET SQL_MODE = "NO_AUTO_VALUE_ON_ZERO";
START TRANSACTION;
SET time_zone = "+00:00";


/*!40101 SET @OLD_CHARACTER_SET_CLIENT=@@CHARACTER_SET_CLIENT */;
/*!40101 SET @OLD_CHARACTER_SET_RESULTS=@@CHARACTER_SET_RESULTS */;
/*!40101 SET @OLD_COLLATION_CONNECTION=@@COLLATION_CONNECTION */;
/*!40101 SET NAMES utf8mb4 */;

--
-- Database: `pos-sendokgarpu`
--

-- --------------------------------------------------------

--
-- Table structure for table `barang`
--

CREATE TABLE `barang` (
  `id_barang` char(7) NOT NULL,
  `nama_barang` varchar(255) NOT NULL,
  `stok` int(11) NOT NULL,
  `adjustment` float DEFAULT NULL,
  `jenis_id` int(11) NOT NULL,
  `user_id` int(11) NOT NULL,
  `createdd_at` datetime NOT NULL DEFAULT current_timestamp(),
  `updatedd_at` datetime DEFAULT NULL,
  `updated_stock` varchar(50) DEFAULT NULL,
  `notes` text DEFAULT NULL,
  `stok_awal` int(11) DEFAULT NULL
) ENGINE=InnoDB DEFAULT CHARSET=utf8mb3;

--
-- Dumping data for table `barang`
--

INSERT INTO `barang` (`id_barang`, `nama_barang`, `stok`, `adjustment`, `jenis_id`, `user_id`, `createdd_at`, `updatedd_at`, `updated_stock`, `notes`, `stok_awal`) VALUES
('B000001', 'AYAM GORENG (5L)', 3, NULL, 9, 0, '2023-04-04 11:39:08', NULL, '2023-04-04 05:02:14 ', NULL, NULL),
('B000002', 'AYAM KALASAN (5L)', 6, NULL, 9, 0, '2023-04-04 11:39:08', NULL, '2023-04-04 05:02:27 ', NULL, NULL),
('B000003', 'AYAM DRUMSTICK (5L)', 99, 33, 9, 0, '2023-04-04 11:39:08', NULL, '2023-05-27 03:36:59 ', 'gatau', 22),
('B000004', 'AYAM NASI GORENG (5L)', 6, 2, 9, 0, '2023-04-04 11:39:08', NULL, '2023-05-27 03:23:46 ', 'none', 4),
('B000005', 'KALIO AYAM (500ML)', 29, NULL, 9, 0, '2023-04-04 11:39:08', NULL, '2023-04-04 05:02:53 ', NULL, NULL),
('B000006', 'AYAM JAMUR (1L)', 3, -2, 9, 0, '2023-04-04 11:39:08', NULL, '2023-05-27 03:26:38 ', 'noo', 5),
('B000007', 'KUAH SOTO AYAM (500ML)', 60, NULL, 9, 0, '2023-04-04 11:39:08', NULL, '2023-04-04 05:06:31 ', NULL, NULL),
('B000008', 'BEBEK (BAG)', 14, NULL, 9, 0, '2023-04-04 11:39:08', NULL, '2023-04-04 05:07:28 ', NULL, NULL),
('B000009', 'AYAM SUIR (500ML)', 7, NULL, 9, 0, '2023-04-04 11:39:08', NULL, '2023-04-04 05:06:55 ', NULL, NULL),
('B000010', 'RENDANG SAPI (2.5L)', 81, NULL, 9, 0, '2023-04-04 11:39:08', NULL, '2023-04-14 06:14:55 ', NULL, NULL),
('B000011', 'IGA PENYET (5L)', 40, NULL, 9, 0, '2023-04-04 11:39:08', NULL, '2023-04-04 05:08:53 ', NULL, NULL),
('B000012', 'GULAI SAPI (5L)', 44, NULL, 9, 0, '2023-04-04 11:39:08', NULL, '2023-04-04 05:08:21 ', NULL, NULL),
('B000013', 'GULAI BABAT (5L)', 0, NULL, 9, 0, '2023-04-04 11:39:08', NULL, '', NULL, NULL),
('B000014', 'DAGING IJO (5L)', 23, NULL, 9, 0, '2023-04-04 11:39:08', NULL, '2023-04-04 05:09:19 ', NULL, NULL),
('B000015', 'IGA NASI GORENG (2.5L)', 5, NULL, 9, 0, '2023-04-04 11:39:08', NULL, '2023-04-04 05:09:33 ', NULL, NULL),
('B000016', 'KUAH SOTO BETAWI (500ML)', 80, NULL, 9, 0, '2023-04-04 11:39:08', NULL, '2023-04-14 06:14:00 ', NULL, NULL),
('B000017', 'BEEF BETAWI (BAG)', 78, NULL, 9, 0, '2023-04-04 11:39:08', NULL, '2023-04-04 05:15:55 ', NULL, NULL),
('B000018', 'GULAI DOMBA (650ML)', 31, NULL, 9, 0, '2023-04-04 11:39:08', NULL, '2023-04-04 05:16:05 ', NULL, NULL),
('B000019', 'GULAI KIKIL (1L)', 8, NULL, 9, 0, '2023-04-04 11:39:08', NULL, '2023-04-04 05:16:15 ', NULL, NULL),
('B000020', 'PARU SLICE (1L)', 22, NULL, 9, 0, '2023-04-04 11:39:08', NULL, '2023-04-04 05:16:26 ', NULL, NULL),
('B000021', 'KUAH SUP BUNTUT', 61, NULL, 9, 0, '2023-04-04 11:39:08', NULL, '2023-04-04 05:16:47 ', NULL, NULL),
('B000022', 'BUNTUT (BAG)', 0, NULL, 9, 1, '2023-04-04 11:39:08', '2023-05-27 04:04:40', '2023-05-27 04:04:40 ', '', NULL),
('B000024', 'RENDANG NANGKA (500mL)', 25, NULL, 9, 0, '2023-04-04 11:39:08', NULL, '2023-04-04 05:18:13 ', NULL, NULL),
('B000025', 'KAPAU', 0, NULL, 9, 0, '2023-04-04 11:39:08', NULL, '', NULL, NULL),
('B000026', 'GULAI KALE', 0, NULL, 9, 0, '2023-04-04 11:39:08', NULL, '', NULL, NULL),
('B000027', 'ACAR KUNING (500ML)', 43, NULL, 9, 0, '2023-04-04 11:39:08', NULL, '2023-04-04 05:18:22 ', NULL, NULL),
('B000028', 'SAYUR ASEM (1L)', 21, NULL, 9, 0, '2023-04-04 11:39:08', NULL, '2023-04-04 05:18:33 ', NULL, NULL),
('B000029', 'SAMBAL KERANG', 29, NULL, 9, 0, '2023-04-04 11:39:08', NULL, '2023-04-04 05:18:46 ', NULL, NULL),
('B000030', 'LONTONG SAYUR', 26, NULL, 9, 0, '2023-04-04 11:39:08', NULL, '2023-04-04 05:18:56 ', NULL, NULL),
('B000031', 'KARI MIX VEGIE', 0, NULL, 9, 0, '2023-04-04 11:39:08', NULL, '', NULL, NULL),
('B000032', 'RENDANG JENGKOL', 0, NULL, 9, 0, '2023-04-04 11:39:08', NULL, '', NULL, NULL),
('B000033', 'MIX SEAFOOD', 13, NULL, 9, 0, '2023-04-04 11:39:08', NULL, '2023-04-04 05:19:14 ', NULL, NULL),
('B000034', 'IKAN BAKAR JIMBARAN', 7, NULL, 9, 0, '2023-04-04 11:39:08', NULL, '2023-04-04 05:19:26 ', NULL, NULL),
('B000035', 'IKAN NILA TERBANG', 0, NULL, 8, 1, '2023-04-04 11:39:08', '2023-05-27 04:02:53', '2023-05-27 04:02:53 ', '', NULL),
('B000036', 'IKAN PECEL LELEH', 19, NULL, 9, 0, '2023-04-04 11:39:08', NULL, '2023-04-04 05:19:47 ', NULL, NULL),
('B000037', 'IKAN PATIN', 17, NULL, 9, 0, '2023-04-04 11:39:08', NULL, '2023-04-04 05:19:58 ', NULL, NULL),
('B000038', 'UDANG', 16, NULL, 9, 0, '2023-04-04 11:39:08', NULL, '2023-04-04 05:20:08 ', NULL, NULL),
('B000039', 'KERANG', 0, NULL, 9, 0, '2023-04-04 11:39:08', NULL, '', NULL, NULL),
('B000040', 'HAKKA FISH PASTE', 0, NULL, 9, 0, '2023-04-04 11:39:08', NULL, '', NULL, NULL),
('B000042', 'SATAY AYAM (5PCS/P)', 64, NULL, 9, 0, '2023-04-04 11:39:08', NULL, '2023-04-04 05:20:21 ', NULL, NULL),
('B000043', 'RISUTTFLE SATAY AYAM (2PCS/P)', 100, NULL, 9, 0, '2023-04-04 11:39:08', NULL, '2023-04-04 05:20:39 ', NULL, NULL),
('B000044', 'SATAY DOMBA (5PCS/P)', 29, NULL, 9, 0, '2023-04-04 11:39:08', NULL, '2023-04-04 05:20:50 ', NULL, NULL),
('B000045', 'SATAY KERANG (5PCS/P)', 0, NULL, 9, 0, '2023-04-04 11:39:08', NULL, '', NULL, NULL),
('B000046', 'SATAY KULIT (5PCS/P)', 0, NULL, 9, 0, '2023-04-04 11:39:08', NULL, '', NULL, NULL),
('B000047', 'BUMBU SATAY', 0, NULL, 9, 0, '2023-04-04 11:39:08', NULL, '', NULL, NULL),
('B000048', 'BUMBU SIOMAY &amp; BATAGOR', 0, NULL, 9, 0, '2023-04-04 11:39:08', NULL, '', NULL, NULL),
('B000049', 'BUMBU GADO-GADO', 11, NULL, 9, 0, '2023-04-04 11:39:08', NULL, '2023-04-04 04:50:29 ', NULL, NULL),
('B000050', 'BUMBU KETOPRAK', 0, NULL, 9, 0, '2023-04-04 11:39:08', NULL, '', NULL, NULL),
('B000051', 'BUMBU KACANG', 9, NULL, 9, 0, '2023-04-04 11:39:08', NULL, '2023-04-04 04:50:42 ', NULL, NULL),
('B000052', 'FRESH CHILI 500ML', 18, NULL, 9, 0, '2023-04-04 11:39:08', NULL, '2023-04-13 09:15:31 ', NULL, NULL),
('B000053', 'BUMBU INTI', 10, NULL, 9, 0, '2023-04-04 11:39:08', NULL, '2023-04-04 04:51:06 ', NULL, NULL),
('B000055', 'MIX VEGGIES', 0, NULL, 9, 0, '2023-04-04 11:39:08', NULL, '', NULL, NULL),
('B000056', 'GREEN BEANS', 9, NULL, 9, 0, '2023-04-04 11:39:08', NULL, '2023-04-04 04:52:51 ', NULL, NULL),
('B000057', 'SLICE LEMON GRASS', 0, NULL, 9, 0, '2023-04-04 11:39:08', NULL, '', NULL, NULL),
('B000058', 'CORN KERNEL', 8, NULL, 9, 0, '2023-04-04 11:39:08', NULL, '2023-04-04 04:53:00 ', NULL, NULL),
('B000059', 'STICK LEMON GRASS', 0, NULL, 9, 0, '2023-04-04 11:39:08', NULL, '', NULL, NULL),
('B000060', 'LIME LEAVES', 0, NULL, 9, 0, '2023-04-04 11:39:08', NULL, '', NULL, NULL),
('B000061', 'BANANA LEAVES', 0, NULL, 9, 0, '2023-04-04 11:39:08', NULL, '', NULL, NULL),
('B000062', 'PANDAN LEAVES', 0, NULL, 9, 0, '2023-04-04 11:39:08', NULL, '', NULL, NULL),
('B000063', 'GINGER', 0, NULL, 9, 0, '2023-04-04 11:39:08', NULL, '', NULL, NULL),
('B000064', 'CHILLI', 11, NULL, 9, 0, '2023-04-04 11:39:08', NULL, '2023-04-04 04:53:11 ', NULL, NULL),
('B000065', 'GALANGGAL', 0, NULL, 9, 0, '2023-04-04 11:39:08', NULL, '', NULL, NULL),
('B000066', 'PETAI', 0, NULL, 9, 0, '2023-04-04 11:39:08', NULL, '', NULL, NULL),
('B000067', 'PUFF TOFU', 10, NULL, 9, 0, '2023-04-04 11:39:08', NULL, '2023-04-04 04:34:16 ', NULL, NULL),
('B000068', 'TEMPE', 0, NULL, 9, 1, '2023-04-04 11:39:08', '2023-05-27 04:03:18', '2023-05-27 04:03:18 ', '', NULL),
('B000069', 'TOFU BALL', 12, NULL, 9, 0, '2023-04-04 11:39:08', NULL, '2023-04-04 04:43:26 ', NULL, NULL),
('B000070', 'MEAT BALL', 34, NULL, 9, 0, '2023-04-04 11:39:08', NULL, '2023-04-04 04:43:39 ', NULL, NULL),
('B000071', 'FISH BALL', 16, NULL, 9, 0, '2023-04-04 11:39:08', NULL, '2023-04-04 04:44:01 ', NULL, NULL),
('B000072', 'RISSOLES', 24, NULL, 9, 0, '2023-04-04 11:39:08', NULL, '2023-04-04 04:44:15 ', NULL, NULL),
('B000073', 'PASTEL', 38, NULL, 9, 0, '2023-04-04 11:39:08', NULL, '2023-04-04 04:44:29 ', NULL, NULL),
('B000074', 'PEMPEK (KAPAL SELAM)', 12, NULL, 9, 0, '2023-04-04 11:39:08', NULL, '2023-04-04 04:46:20 ', NULL, NULL),
('B000075', 'PEMPEK (LENJER)', 60, NULL, 9, 0, '2023-04-04 11:39:08', NULL, '2023-04-04 04:46:27 ', NULL, NULL),
('B000076', 'SIOMAY (5L)', 1, NULL, 9, 0, '2023-04-04 11:39:08', NULL, '2023-04-04 04:46:42 ', NULL, NULL),
('B000078', 'PANGSIT SKIN', 10, NULL, 9, 1, '2023-04-04 11:39:08', '2023-04-04 04:47:55', '2023-04-04 04:48:33 ', NULL, NULL),
('B000079', 'SPRING ROLL', 5, NULL, 9, 0, '2023-04-04 11:39:08', NULL, '2023-04-04 04:48:57 ', NULL, NULL),
('B000080', 'TOFU ROLL', 7, NULL, 9, 0, '2023-04-04 11:39:08', NULL, '2023-04-04 04:49:08 ', NULL, NULL),
('B000081', 'MINCE MEAT', 9, NULL, 9, 0, '2023-04-04 11:39:08', NULL, '2023-04-04 04:49:20 ', NULL, NULL),
('B000082', 'MARTABAK SKIN', 12, NULL, 9, 0, '2023-04-04 11:39:08', NULL, '2023-04-04 04:49:35 ', NULL, NULL),
('B000083', 'BAO', 9, NULL, 9, 0, '2023-04-04 11:39:08', NULL, '2023-04-04 04:49:45 ', NULL, NULL),
('B000084', 'ROTI', 14, NULL, 9, 0, '2023-04-04 11:39:08', NULL, '2023-04-04 04:49:54 ', NULL, NULL),
('B000085', 'SAMBAL IJO', 17, NULL, 9, 0, '2023-04-04 11:39:08', NULL, '2023-04-04 05:26:14 ', NULL, NULL),
('B000086', 'SAMBAL BALADO', 25, NULL, 9, 0, '2023-04-04 11:39:08', NULL, '2023-04-04 05:26:23 ', NULL, NULL),
('B000087', 'SAMBAL TERASI', 20, NULL, 9, 0, '2023-04-04 11:39:08', NULL, '2023-04-04 05:26:33 ', NULL, NULL),
('B000088', 'SAMBAL RICA-RICA', 16, NULL, 9, 0, '2023-04-04 11:39:08', NULL, '2023-04-04 05:26:44 ', NULL, NULL),
('B000089', 'SAMBAL MATAH', 10, NULL, 9, 0, '2023-04-04 11:39:08', NULL, '2023-04-04 05:26:56 ', NULL, NULL),
('B000090', 'SAMBAL KOREK', 3, NULL, 9, 0, '2023-04-04 11:39:08', NULL, '2023-04-04 05:27:07 ', NULL, NULL),
('B000091', 'BUMBU TEPUNG', 0, NULL, 9, 0, '2023-04-04 11:39:08', NULL, '', NULL, NULL),
('B000092', 'BUMBU BAWANG', 32, NULL, 9, 0, '2023-04-04 11:39:08', NULL, '2023-04-04 05:27:25 ', NULL, NULL),
('B000093', 'BUMBU BELACAN', 24, NULL, 9, 0, '2023-04-04 11:39:08', NULL, '2023-04-04 05:27:38 ', NULL, NULL),
('B000094', 'TEMPE PENYET (2.5L)', 2, NULL, 9, 0, '2023-04-04 11:39:08', NULL, '2023-04-04 05:27:51 ', NULL, NULL),
('B000095', 'TAHU PENYET (2.5L)', 1, NULL, 9, 0, '2023-04-04 11:39:08', NULL, '2023-04-04 05:27:57 ', NULL, NULL),
('B000096', 'FRESH ACAR (500ML)', 2, NULL, 9, 0, '2023-04-04 11:39:08', NULL, '2023-04-04 05:28:04 ', NULL, NULL),
('B000097', 'GADO-GADO (500ML)', 40, NULL, 9, 0, '2023-04-04 11:39:08', NULL, '2023-04-04 05:28:12 ', NULL, NULL),
('B000099', 'LONTONG (5L)', 1, NULL, 9, 0, '2023-04-04 11:39:08', NULL, '2023-04-04 05:28:25 ', NULL, NULL),
('B000100', 'FRIED ANCHOVIES (5L)', 4, NULL, 9, 0, '2023-04-04 11:39:08', NULL, '2023-04-04 05:28:34 ', NULL, NULL),
('B000101', 'CRUSH PEANUT (5L)', 6, NULL, 9, 0, '2023-04-04 11:39:08', NULL, '2023-04-04 05:28:42 ', NULL, NULL),
('B000102', 'TEMPE MENDOAN (1L)', 4, NULL, 9, 0, '2023-04-04 11:39:08', NULL, '2023-04-04 05:28:50 ', NULL, NULL),
('B000103', 'CUKO (5L BOTTLE)', 6, NULL, 9, 0, '2023-04-04 11:39:08', NULL, '2023-04-04 05:28:59 ', NULL, NULL),
('B000104', 'HOKIEN NOODLES', 11, NULL, 9, 0, '2023-04-04 11:39:08', NULL, '2023-04-04 05:21:47 ', NULL, NULL),
('B000105', 'KWETIAU', 0, NULL, 9, 1, '2023-04-04 11:39:08', '2023-05-27 04:05:04', '2023-05-27 04:05:04 ', '', NULL),
('B000106', 'THICK', 1, NULL, 9, 0, '2023-04-04 11:39:08', NULL, '2023-04-04 05:22:10 ', NULL, NULL),
('B000107', 'THIN', 3, NULL, 9, 0, '2023-04-04 11:39:08', NULL, '2023-04-04 05:22:17 ', NULL, NULL),
('B000108', 'INSTANT NOODLES (500ML)', 4, NULL, 9, 0, '2023-04-04 11:39:08', NULL, '2023-04-04 05:22:27 ', NULL, NULL),
('B000109', 'EGGS (500G/600G)', 0, NULL, 8, 1, '2023-04-04 11:39:08', '2023-05-27 04:35:42', '2023-05-27 04:35:42 ', '', NULL),
('B000110', 'EGGS (600G/700G/800G)', 0, NULL, 9, 0, '2023-04-04 11:39:08', NULL, '', NULL, NULL),
('B000111', 'KANGKUNG (5L)', 0, NULL, 9, 0, '2023-04-04 11:39:08', NULL, '', NULL, NULL),
('B000112', 'EGGPLANT (5L)', 4, NULL, 9, 0, '2023-04-04 11:39:08', NULL, '2023-04-04 05:24:35 ', NULL, NULL),
('B000113', 'CHOISUM (5L)', 5, NULL, 9, 0, '2023-04-04 11:39:08', NULL, '2023-04-04 05:24:44 ', NULL, NULL),
('B000114', 'CABBAGES BIG CUT (5L)', 8, NULL, 9, 0, '2023-04-04 11:39:08', NULL, '2023-04-04 05:24:55 ', NULL, NULL),
('B000115', 'SHEARDED CABBAGES (2.5L)', 4, NULL, 9, 0, '2023-04-04 11:39:08', NULL, '2023-04-04 05:25:09 ', NULL, NULL),
('B000116', 'CARROT JULIET (2.5L)', 0, NULL, 9, 0, '2023-04-04 11:39:08', NULL, '', NULL, NULL),
('B000117', 'CARROT SHREDDED (1L)', 9, NULL, 9, 0, '2023-04-04 11:39:08', NULL, '2023-04-04 05:25:32 ', NULL, NULL),
('B000119', 'SLICED CUCUMBER (500ML)', 0, NULL, 9, 0, '2023-04-04 11:39:08', NULL, '', NULL, NULL),
('B000120', 'SHALLOTS (500ML)', 7, NULL, 9, 0, '2023-04-04 11:39:08', NULL, '2023-04-04 05:26:00 ', NULL, NULL),
('B000121', 'CELERY BUNTUT (500ML)', 0, NULL, 9, 0, '2023-04-04 11:39:08', NULL, '', NULL, NULL),
('B000122', 'CELERY TOPPING (500ML)', 0, NULL, 9, 0, '2023-04-04 11:39:08', NULL, '', NULL, NULL),
('B000123', 'BEANSPROUT', 0, NULL, 9, 0, '2023-04-04 11:39:08', NULL, '', NULL, NULL),
('B000124', 'CABBAGE HEAD', 0, NULL, 9, 0, '2023-04-04 11:39:08', NULL, '', NULL, NULL),
('B000125', 'KANGKUNG BUNCHES', 3, NULL, 9, 0, '2023-04-04 11:39:08', NULL, '2023-04-04 04:59:27 ', NULL, NULL),
('B000126', 'CHOISUM / PAK CHOI', 0, NULL, 9, 0, '2023-04-04 11:39:08', NULL, '', NULL, NULL),
('B000127', 'EGGPLANTS BOXES', 0, NULL, 9, 0, '2023-04-04 11:39:08', NULL, '', NULL, NULL),
('B000128', 'SHALLOTS BUNCHES', 0, NULL, 9, 0, '2023-04-04 11:39:08', NULL, '', NULL, NULL),
('B000129', 'CUCUMBER CONTINENTAL', 0, NULL, 9, 0, '2023-04-04 11:39:08', NULL, '', NULL, NULL),
('B000130', 'CARROTS 20KG', 0, NULL, 9, 0, '2023-04-04 11:39:08', NULL, '', NULL, NULL),
('B000131', 'YELLOW TOFU', 21, NULL, 9, 0, '2023-04-04 11:39:08', NULL, '2023-04-04 04:58:11 ', NULL, NULL),
('B000132', 'BUTTER', 6, NULL, 9, 0, '2023-04-04 11:39:08', NULL, '2023-04-04 04:58:22 ', NULL, NULL),
('B000133', 'TOMATOES', 0, NULL, 9, 0, '2023-04-04 11:39:08', NULL, '', NULL, NULL),
('B000134', 'GARLIC', 0, NULL, 9, 0, '2023-04-04 11:39:08', NULL, '', NULL, NULL),
('B000135', 'KUAH UNIVERSAL', 0, NULL, 9, 0, '2023-04-04 11:39:08', NULL, '', NULL, NULL),
('B000136', 'KUAH BAKSO', 9, NULL, 9, 0, '2023-04-04 11:39:08', NULL, '2023-04-04 05:00:58 ', NULL, NULL),
('B000137', 'KUAH RENDANG SAPI', 0, NULL, 9, 0, '2023-04-04 11:39:08', NULL, '', NULL, NULL),
('B000138', 'KUAH GULAI SAPI', 0, NULL, 9, 0, '2023-04-04 11:39:08', NULL, '', NULL, NULL),
('B000139', 'KUAH GULAI BABAT', 0, NULL, 9, 0, '2023-04-04 11:39:08', NULL, '', NULL, NULL),
('B000140', 'KUAH KUNING', 0, NULL, 9, 0, '2023-04-04 11:39:08', NULL, '', NULL, NULL),
('B000142', 'KERUPUK BAWANG', 0, NULL, 9, 0, '2023-04-04 11:39:08', NULL, '', NULL, NULL),
('B000143', 'KERUPUK UDANG', 0, NULL, 9, 1, '2023-04-04 11:39:08', '2023-05-27 04:32:39', '2023-05-27 04:32:39 ', '', NULL),
('B000144', 'EMPING', 24, NULL, 9, 0, '2023-04-04 11:39:08', NULL, '2023-04-04 04:55:00 ', NULL, NULL),
('B000145', 'RAW PEANUT', 0, NULL, 9, 0, '2023-04-04 11:39:08', NULL, '', NULL, NULL),
('B000146', 'BAWANG GORENG', 8, NULL, 9, 0, '2023-04-04 11:39:08', NULL, '2023-04-04 04:55:13 ', NULL, NULL),
('B000147', 'BAWANG PUTIH GORENG', 4, NULL, 9, 0, '2023-04-04 11:39:08', NULL, '2023-04-04 04:55:24 ', NULL, NULL),
('B000148', 'JAMBRONG FISH', 0, NULL, 9, 0, '2023-04-04 11:39:08', NULL, '', NULL, NULL),
('B000149', 'NUTMEG GROUNG', 0, NULL, 9, 0, '2023-04-04 11:39:08', NULL, '', NULL, NULL),
('B000150', 'CANDLE NUT', 6, NULL, 9, 0, '2023-04-04 11:39:08', NULL, '2023-04-04 05:44:44 ', NULL, NULL),
('B000151', 'ASSAM KANDIS', 14, NULL, 9, 0, '2023-04-04 11:39:08', NULL, '2023-04-04 05:44:52 ', NULL, NULL),
('B000152', 'CURRY POWDER', 0, NULL, 9, 0, '2023-04-04 11:39:08', NULL, '', NULL, NULL),
('B000153', 'STAR ANISE', 0, NULL, 9, 0, '2023-04-04 11:39:08', NULL, '', NULL, NULL),
('B000154', 'CARDAMON / KAPU LAGA', 0, NULL, 9, 0, '2023-04-04 11:39:08', NULL, '', NULL, NULL),
('B000155', 'WHITE PEPPER', 1, NULL, 9, 0, '2023-04-04 11:39:08', NULL, '2023-04-04 05:44:59 ', NULL, NULL),
('B000156', 'CINNAMON STICK', 0, NULL, 9, 0, '2023-04-04 11:39:08', NULL, '', NULL, NULL),
('B000157', 'CENGKIH (CLOVE)', 0, NULL, 9, 0, '2023-04-04 11:39:08', NULL, '', NULL, NULL),
('B000159', 'OREK VEGAN NO SPICY', 9, NULL, 9, 0, '2023-04-04 11:39:08', NULL, '2023-04-04 04:55:58 ', NULL, NULL),
('B000160', 'OREK VEGAN SPICY', 9, NULL, 9, 0, '2023-04-04 11:39:08', NULL, '2023-04-04 04:56:16 ', NULL, NULL),
('B000161', 'OREK SPICY', 0, NULL, 9, 0, '2023-04-04 11:39:08', NULL, '', NULL, NULL),
('B000162', 'OREK NO SPICY', 0, NULL, 9, 0, '2023-04-04 11:39:08', NULL, '', NULL, NULL),
('B000163', 'JASMINE RICE', 5, NULL, 9, 0, '2023-04-04 11:39:08', NULL, '2023-04-04 04:56:26 ', NULL, NULL),
('B000164', 'KETUPAT (LONTONG)', 8, NULL, 9, 0, '2023-04-04 11:39:08', NULL, '2023-04-04 04:56:33 ', NULL, NULL),
('B000165', 'VERMICELLI (SOUN)', 10, NULL, 9, 0, '2023-04-04 11:39:08', NULL, '2023-04-04 04:56:46 ', NULL, NULL),
('B000166', 'INSTANT NOODLE (SIMPLEE)', 8, NULL, 9, 0, '2023-04-04 11:39:08', NULL, '2023-04-04 04:57:02 ', NULL, NULL),
('B000167', 'RICE STICK (BIHUN)', 23, NULL, 9, 0, '2023-04-04 11:39:08', NULL, '2023-04-04 04:57:17 ', NULL, NULL),
('B000168', 'KONYAKU (AGAR-AGAR)', 4, NULL, 9, 0, '2023-04-04 11:39:08', NULL, '2023-04-04 04:57:27 ', NULL, NULL),
('B000169', 'TAPIOCA PEARL', 16, NULL, 9, 0, '2023-04-04 11:39:08', NULL, '2023-04-04 04:57:39 ', NULL, NULL),
('B000170', 'PLAIN FLOUR', 23, NULL, 9, 0, '2023-04-04 11:39:08', NULL, '2023-04-04 04:57:47 ', NULL, NULL),
('B000171', 'TAPIOCA STARCH', 13, NULL, 9, 0, '2023-04-04 11:39:08', NULL, '2023-04-04 04:57:56 ', NULL, NULL),
('B000172', 'GLUTINOUS RICE', 0, NULL, 9, 0, '2023-04-04 11:39:08', NULL, '', NULL, NULL),
('B000174', 'RICE FLOUR', 20, NULL, 9, 0, '2023-04-04 11:39:08', NULL, '2023-04-04 05:37:53 ', NULL, NULL),
('B000175', 'CORN FLOUR', 1, NULL, 9, 0, '2023-04-04 11:39:08', NULL, '2023-04-04 05:38:00 ', NULL, NULL),
('B000176', 'BLACK GLUTINOUS RICE', 9, NULL, 9, 0, '2023-04-04 11:39:08', NULL, '2023-04-04 05:39:40 ', NULL, NULL),
('B000177', 'AJINAMOTTO', 0, NULL, 9, 0, '2023-04-04 11:39:08', NULL, '', NULL, NULL),
('B000178', 'SALT', 0, NULL, 9, 0, '2023-04-04 11:39:08', NULL, '', NULL, NULL),
('B000179', 'RAW SUGAR', 9, NULL, 9, 0, '2023-04-04 11:39:08', NULL, '2023-04-04 05:43:33 ', NULL, NULL),
('B000180', 'CHICKEN POWDER', 7, NULL, 9, 0, '2023-04-04 11:39:08', NULL, '2023-04-04 05:43:43 ', NULL, NULL),
('B000181', 'COCONUT SUGAR (GULA JAWA)', 99, NULL, 9, 0, '2023-04-04 11:39:08', NULL, '2023-04-04 05:44:08 ', NULL, NULL),
('B000182', 'TUMERIC POWDER', 2, NULL, 9, 0, '2023-04-04 11:39:08', NULL, '2023-04-04 05:44:20 ', NULL, NULL),
('B000183', 'BAY LEAF', 0, NULL, 6, 1, '2023-04-04 11:39:08', '2023-05-27 04:29:34', '2023-05-27 04:29:34 ', '', NULL),
('B000184', 'CORIENDER POWDER', 0, NULL, 9, 0, '2023-04-04 11:39:08', NULL, '', NULL, NULL),
('B000185', 'SWEET PAPRIKA POWDER', 3, NULL, 9, 0, '2023-04-04 11:39:08', NULL, '2023-04-04 05:44:37 ', NULL, NULL),
('B000186', 'BUTANE GAS', 0, NULL, 9, 0, '2023-04-04 11:39:08', NULL, '', NULL, NULL),
('B000187', 'COOKING OIL', 8, NULL, 9, 0, '2023-04-04 11:39:08', NULL, '2023-04-04 05:34:40 ', NULL, NULL),
('B000188', 'CONOLA OIL SPRAY', 2, NULL, 9, 0, '2023-04-04 11:39:08', NULL, '2023-04-04 05:34:56 ', NULL, NULL),
('B000189', 'PEANUT BUTTER', 0, NULL, 9, 0, '2023-04-04 11:39:08', NULL, '', NULL, NULL),
('B000190', 'KECAP BANGO', 17, NULL, 9, 0, '2023-04-04 11:39:08', NULL, '2023-04-04 05:35:04 ', NULL, NULL),
('B000191', 'FISH SAUCE', 2, NULL, 9, 0, '2023-04-04 11:39:08', NULL, '2023-04-04 05:35:14 ', NULL, NULL),
('B000192', 'WHITE VINEGAR', 9, NULL, 9, 0, '2023-04-04 11:39:08', NULL, '2023-04-04 05:35:21 ', NULL, NULL),
('B000193', 'ABC SWEET SOY SAUCE', 0, NULL, 9, 0, '2023-04-04 11:39:08', NULL, '', NULL, NULL),
('B000194', 'ABC HOT CHILLI SAUCE', 12, NULL, 9, 0, '2023-04-04 11:39:08', NULL, '2023-04-04 05:35:38 ', NULL, NULL),
('B000195', 'SWEET CHILLI SAUCE', 9, NULL, 9, 0, '2023-04-04 11:39:08', NULL, '2023-04-04 05:35:47 ', NULL, NULL),
('B000196', 'STRAW MUSHROOM', 72, NULL, 9, 0, '2023-04-04 11:39:08', NULL, '2023-04-04 05:36:02 ', NULL, NULL),
('B000197', 'PALM VINEGAR', 12, NULL, 9, 0, '2023-04-04 11:39:08', NULL, '2023-04-04 05:36:08 ', NULL, NULL),
('B000198', 'KARA COCONUT MILK', 30, NULL, 9, 0, '2023-04-04 11:39:08', NULL, '2023-04-04 05:36:23 ', NULL, NULL),
('B000199', 'COCONUT CREAM', 6, NULL, 9, 0, '2023-04-04 11:39:08', NULL, '2023-04-04 05:36:41 ', NULL, NULL),
('B000200', 'CONDENSED MILK', 9, NULL, 9, 0, '2023-04-04 11:39:08', NULL, '2023-04-04 05:36:48 ', NULL, NULL),
('B000201', 'INDOFOOD RENDANG', 12, NULL, 9, 0, '2023-04-04 11:39:08', NULL, '2023-04-04 05:36:55 ', NULL, NULL),
('B000202', 'INDOFOOD GULAI', 11, NULL, 9, 0, '2023-04-04 11:39:08', NULL, '2023-04-04 05:37:02 ', NULL, NULL),
('B000203', 'INDOFOOD SOTO AYAM', 10, NULL, 9, 0, '2023-04-04 11:39:08', NULL, '2023-04-04 05:37:09 ', NULL, NULL),
('B000204', 'ENAK ECO GADO-GADO', 58, NULL, 9, 0, '2023-04-04 11:39:08', NULL, '2023-04-04 05:37:24 ', NULL, NULL),
('B000205', 'BELACAN', 1, NULL, 9, 0, '2023-04-04 11:39:08', NULL, '2023-04-04 05:37:32 ', NULL, NULL),
('B000207', 'BUMBU MIE ACEH', 0, NULL, 9, 0, '2023-04-04 11:39:08', NULL, '', NULL, NULL),
('B000208', 'BUMBU KARI KAMBING', 0, NULL, 9, 0, '2023-04-04 11:39:08', NULL, '', NULL, NULL),
('B000209', 'SAMBAL MAGGA BESAR', 0, NULL, 9, 0, '2023-04-04 11:39:08', NULL, '', NULL, NULL),
('B000210', 'BUMBU SOTO AYAM', 0, NULL, 9, 0, '2023-04-04 11:39:08', NULL, '', NULL, NULL),
('B000211', 'BUMBU SOTO BETAWI', 0, NULL, 9, 0, '2023-04-04 11:39:08', NULL, '', NULL, NULL),
('B000212', 'BUMBU SAYUR ASAM', 0, NULL, 9, 0, '2023-04-04 11:39:08', NULL, '', NULL, NULL),
('B000213', 'BUMBU GULAI AYAM', 0, NULL, 9, 0, '2023-04-04 11:39:08', NULL, '', NULL, NULL),
('B000214', 'BUMBU PESMOL IKAN', 0, NULL, 9, 0, '2023-04-04 11:39:08', NULL, '', NULL, NULL),
('B000215', 'TAMARIND PASTE BLOCK', 0, NULL, 9, 0, '2023-04-04 11:39:08', NULL, '', NULL, NULL),
('B000216', 'BUMBU DASAR PUTIH', 0, NULL, 9, 0, '2023-04-04 11:39:08', NULL, '', NULL, NULL),
('B000217', 'BUMBU DASAR KUNING', 0, NULL, 9, 0, '2023-04-04 11:39:08', NULL, '', NULL, NULL),
('B000218', 'BUMBU DASAR MERAH', 0, NULL, 9, 0, '2023-04-04 11:39:08', NULL, '', NULL, NULL),
('B000219', 'PRIK KHING CURRY PASTE', 0, NULL, 9, 0, '2023-04-04 11:39:08', NULL, '', NULL, NULL),
('B000220', 'SAMBAL BAJAK BUMBU NASGOR KUNYIT', 0, NULL, 9, 0, '2023-04-04 11:39:08', NULL, '', NULL, NULL),
('B000221', 'PANGSIT PASTE', 12, NULL, 9, 1, '2023-04-04 04:48:08', NULL, '2023-04-04 04:48:43 ', NULL, NULL),
('B000222', 'LEMON', 17, NULL, 9, 1, '2023-04-04 04:58:53', NULL, '2023-04-04 04:59:09 ', NULL, NULL),
('B000223', 'POTATOES', 17, NULL, 9, 1, '2023-04-04 05:00:24', NULL, '2023-04-04 05:00:46 ', NULL, NULL),
('B000224', 'KUAH KAPAU', 2, NULL, 9, 1, '2023-04-04 05:01:14', NULL, '2023-04-04 05:01:35 ', NULL, NULL),
('B000225', 'KALE (5L)', 0, NULL, 9, 1, '2023-04-04 05:23:31', '2023-04-04 05:24:06', '2023-04-04 05:23:56 ', NULL, NULL),
('B000226', 'CHICKEN FAT', 7, NULL, 9, 1, '2023-04-04 05:29:17', NULL, '2023-04-04 05:31:58 ', NULL, NULL),
('B000227', 'WHITE EGGS (2L)', 1, NULL, 9, 1, '2023-04-04 05:33:31', NULL, '2023-04-04 05:33:58 ', NULL, NULL),
('B000228', 'Luncheon Napkin (Square)', 0, NULL, 18, 1, '2023-04-09 09:34:44', NULL, NULL, NULL, NULL),
('B000229', 'Kitchen Tissue Roll', 0, NULL, 18, 1, '2023-04-09 09:39:41', NULL, NULL, NULL, NULL),
('B000230', 'Serviet (Tissue Dinner)', 0, NULL, 18, 1, '2023-04-09 09:40:02', NULL, NULL, NULL, NULL),
('B000231', 'Bamboo Chopstick', 0, NULL, 18, 1, '2023-04-09 09:40:28', NULL, NULL, NULL, NULL),
('B000232', 'Wooden Spoon', 0, NULL, 18, 1, '2023-04-09 09:40:48', NULL, NULL, NULL, NULL),
('B000233', 'Wooden Fork', 0, NULL, 18, 1, '2023-04-09 09:41:10', NULL, NULL, NULL, NULL),
('B000234', 'Eco Straw Small', 0, NULL, 18, 1, '2023-04-09 09:41:21', '2023-04-09 09:45:33', NULL, NULL, NULL),
('B000235', 'Eco Straw Large', 0, NULL, 18, 1, '2023-04-09 09:41:39', '2023-04-09 09:45:47', NULL, NULL, NULL),
('B000236', 'Paper Bag Small', 0, NULL, 18, 1, '2023-04-09 09:45:07', NULL, NULL, NULL, NULL),
('B000237', 'Large Plastic Takeaway', 0, NULL, 18, 1, '2023-04-09 09:45:55', NULL, NULL, NULL, NULL),
('B000238', 'Medium Plastic Takeaway', 0, NULL, 18, 1, '2023-04-09 09:48:49', NULL, NULL, NULL, NULL),
('B000239', 'Mobile Bin Linear (1450mx1150m)', 0, NULL, 18, 1, '2023-04-09 09:49:07', NULL, NULL, NULL, NULL),
('B000240', 'S6L Black Linear (Aldi)', 0, NULL, 18, 1, '2023-04-09 09:50:41', NULL, NULL, NULL, NULL),
('B000241', 'Medium Freezer Bag (Coles)', 0, NULL, 18, 1, '2023-04-09 09:51:07', NULL, NULL, NULL, NULL),
('B000242', 'Sandwich Armada Large', 0, NULL, 18, 1, '2023-04-09 09:51:37', NULL, NULL, NULL, NULL),
('B000243', 'RES_0805 (Resealable Bags)', 0, NULL, 18, 1, '2023-04-09 09:52:35', NULL, NULL, NULL, NULL),
('B000244', 'RES_0704 (Resealable Bags)', 0, NULL, 18, 1, '2023-04-09 09:53:00', NULL, NULL, NULL, NULL),
('B000245', 'Plastic Glass Large (500ML)', 0, NULL, 18, 1, '2023-04-09 09:54:55', NULL, NULL, NULL, NULL),
('B000246', 'Plastic Glass Dome LID', 0, NULL, 18, 1, '2023-04-09 09:56:07', NULL, NULL, NULL, NULL),
('B000247', 'Paper Cup Small', 0, NULL, 18, 1, '2023-04-09 09:56:31', NULL, NULL, NULL, NULL),
('B000248', 'Paper Bowl Large', 0, NULL, 18, 1, '2023-04-09 09:56:54', NULL, NULL, NULL, NULL),
('B000249', 'LID Paper Bowl Large (1300ML)', 0, NULL, 18, 1, '2023-04-09 09:57:07', '2023-04-09 09:58:32', NULL, NULL, NULL),
('B000250', 'Paper Bowl Small', 0, NULL, 18, 1, '2023-04-09 09:57:44', NULL, NULL, NULL, NULL),
('B000251', 'LID Paper Bowl Large (500ML)', 0, NULL, 18, 1, '2023-04-09 09:58:00', NULL, NULL, NULL, NULL),
('B000252', 'Clamshell 3 Compartment Large', 0, NULL, 18, 1, '2023-04-09 09:58:43', NULL, NULL, NULL, NULL),
('B000253', 'Clamshell Large (Ikan Bakar)', 0, NULL, 18, 1, '2023-04-09 09:59:13', NULL, NULL, NULL, NULL),
('B000254', 'Clamshell Medium (Rice Dishes)', 0, NULL, 18, 1, '2023-04-09 09:59:35', NULL, NULL, NULL, NULL),
('B000255', 'Clamshell Small (Entree)', 0, NULL, 18, 1, '2023-04-09 10:00:03', NULL, NULL, NULL, NULL),
('B000256', 'Sauces Container With Hinged LID', 0, NULL, 18, 1, '2023-04-09 10:00:25', NULL, NULL, NULL, NULL),
('B000257', '1600ML Sealing Container', 0, NULL, 18, 1, '2023-04-09 10:00:48', NULL, NULL, NULL, NULL),
('B000258', '650ML Sealing Container', 0, NULL, 18, 1, '2023-04-09 10:01:17', NULL, NULL, NULL, NULL),
('B000259', '500ML Sealing Container', 0, NULL, 18, 1, '2023-04-09 10:01:40', NULL, NULL, NULL, NULL),
('B000260', 'Sealing Container Film', 0, NULL, 18, 1, '2023-04-09 10:01:51', NULL, NULL, NULL, NULL),
('B000261', 'Vinyl Glove Large', 0, NULL, 18, 1, '2023-04-09 10:02:07', NULL, NULL, NULL, NULL),
('B000262', 'Vinyl Glove Medium', 0, NULL, 18, 1, '2023-04-09 10:02:22', NULL, NULL, NULL, NULL),
('B000263', 'Vinyl Glove Small', 0, NULL, 18, 1, '2023-04-09 10:02:37', NULL, NULL, NULL, NULL),
('B000264', 'Oven & Grill Cleaner', 0, NULL, 18, 1, '2023-04-09 10:02:51', NULL, NULL, NULL, NULL),
('B000265', 'Fat & Degrease', 0, NULL, 18, 1, '2023-04-09 10:03:13', NULL, NULL, NULL, NULL),
('B000266', 'White Soaping Agent', 0, NULL, 18, 1, '2023-04-09 10:03:40', NULL, NULL, NULL, NULL),
('B000267', 'Blue Raising Aid', 0, NULL, 18, 1, '2023-04-09 10:03:59', NULL, NULL, NULL, NULL),
('B000268', 'teh pucuk', 59, NULL, 10, 15, '2023-04-25 10:56:14', NULL, '2023-04-25 11:19:50 ', NULL, NULL);

-- --------------------------------------------------------

--
-- Table structure for table `barang_keluar`
--

CREATE TABLE `barang_keluar` (
  `id_barang_keluar` char(16) NOT NULL,
  `user_id` int(11) NOT NULL,
  `barang_id` char(7) NOT NULL,
  `jumlah_keluar` int(11) NOT NULL,
  `balance` int(11) DEFAULT NULL,
  `tanggal_keluar` datetime NOT NULL
) ENGINE=InnoDB DEFAULT CHARSET=utf8mb3;

--
-- Dumping data for table `barang_keluar`
--

INSERT INTO `barang_keluar` (`id_barang_keluar`, `user_id`, `barang_id`, `jumlah_keluar`, `balance`, `tanggal_keluar`) VALUES
('T-BK-23040400001', 1, 'B000008', 8, NULL, '2023-04-04 05:07:16'),
('T-BK-23041300001', 17, 'B000035', 9, NULL, '2023-04-04 00:00:00'),
('T-BK-23041400001', 17, 'B000010', 21, NULL, '2023-04-14 06:14:23');

--
-- Triggers `barang_keluar`
--
DELIMITER $$
CREATE TRIGGER `update_stok_keluar` BEFORE INSERT ON `barang_keluar` FOR EACH ROW UPDATE `barang` SET `barang`.`stok` = `barang`.`stok` - NEW.jumlah_keluar WHERE `barang`.`id_barang` = NEW.barang_id
$$
DELIMITER ;

-- --------------------------------------------------------

--
-- Table structure for table `barang_masuk`
--

CREATE TABLE `barang_masuk` (
  `id_barang_masuk` char(16) NOT NULL,
  `user_id` int(11) NOT NULL,
  `barang_id` char(7) NOT NULL,
  `jumlah_masuk` int(11) NOT NULL,
  `balance` int(11) DEFAULT NULL,
  `tanggal_masuk` datetime NOT NULL
) ENGINE=InnoDB DEFAULT CHARSET=utf8mb3;

--
-- Dumping data for table `barang_masuk`
--

INSERT INTO `barang_masuk` (`id_barang_masuk`, `user_id`, `barang_id`, `jumlah_masuk`, `balance`, `tanggal_masuk`) VALUES
('T-BM-23040400003', 1, 'B000067', 10, NULL, '2023-04-04 04:34:04'),
('T-BM-23040400004', 1, 'B000068', 67, NULL, '2023-04-04 04:34:26'),
('T-BM-23040400005', 1, 'B000069', 12, NULL, '2023-04-04 04:43:15'),
('T-BM-23040400006', 1, 'B000070', 34, NULL, '2023-04-04 04:43:28'),
('T-BM-23040400007', 1, 'B000071', 16, NULL, '2023-04-04 04:43:51'),
('T-BM-23040400008', 1, 'B000072', 24, NULL, '2023-04-04 04:44:02'),
('T-BM-23040400009', 1, 'B000073', 38, NULL, '2023-04-04 04:44:18'),
('T-BM-23040400010', 1, 'B000074', 12, NULL, '2023-04-04 04:46:12'),
('T-BM-23040400011', 1, 'B000075', 60, NULL, '2023-04-04 04:46:22'),
('T-BM-23040400012', 1, 'B000076', 1, NULL, '2023-04-04 04:46:33'),
('T-BM-23040400013', 1, 'B000078', 10, NULL, '2023-04-04 04:48:23'),
('T-BM-23040400014', 1, 'B000221', 12, NULL, '2023-04-04 04:48:36'),
('T-BM-23040400015', 1, 'B000079', 5, NULL, '2023-04-04 04:48:48'),
('T-BM-23040400016', 1, 'B000080', 7, NULL, '2023-04-04 04:48:59'),
('T-BM-23040400017', 1, 'B000081', 9, NULL, '2023-04-04 04:49:11'),
('T-BM-23040400018', 1, 'B000082', 12, NULL, '2023-04-04 04:49:28'),
('T-BM-23040400019', 1, 'B000083', 9, NULL, '2023-04-04 04:49:37'),
('T-BM-23040400020', 1, 'B000084', 14, NULL, '2023-04-04 04:49:46'),
('T-BM-23040400021', 1, 'B000049', 11, NULL, '2023-04-04 04:50:16'),
('T-BM-23040400022', 1, 'B000051', 9, NULL, '2023-04-04 04:50:30'),
('T-BM-23040400023', 1, 'B000052', 6, NULL, '2023-04-04 04:50:44'),
('T-BM-23040400024', 1, 'B000053', 10, NULL, '2023-04-04 04:50:53'),
('T-BM-23040400025', 1, 'B000056', 9, NULL, '2023-04-04 04:52:44'),
('T-BM-23040400026', 1, 'B000058', 8, NULL, '2023-04-04 04:52:52'),
('T-BM-23040400027', 1, 'B000064', 11, NULL, '2023-04-04 04:53:02'),
('T-BM-23040400028', 1, 'B000143', 7, NULL, '2023-04-04 04:53:39'),
('T-BM-23040400029', 1, 'B000144', 24, NULL, '2023-04-04 04:54:53'),
('T-BM-23040400030', 1, 'B000146', 8, NULL, '2023-04-04 04:55:05'),
('T-BM-23040400031', 1, 'B000147', 4, NULL, '2023-04-04 04:55:15'),
('T-BM-23040400032', 1, 'B000159', 9, NULL, '2023-04-04 04:55:29'),
('T-BM-23040400033', 1, 'B000160', 9, NULL, '2023-04-04 04:56:00'),
('T-BM-23040400034', 1, 'B000163', 5, NULL, '2023-04-04 04:56:17'),
('T-BM-23040400035', 1, 'B000164', 8, NULL, '2023-04-04 04:56:27'),
('T-BM-23040400036', 1, 'B000165', 10, NULL, '2023-04-04 04:56:35'),
('T-BM-23040400037', 1, 'B000166', 8, NULL, '2023-04-04 04:56:48'),
('T-BM-23040400038', 1, 'B000167', 23, NULL, '2023-04-04 04:57:11'),
('T-BM-23040400039', 1, 'B000168', 4, NULL, '2023-04-04 04:57:20'),
('T-BM-23040400040', 1, 'B000169', 16, NULL, '2023-04-04 04:57:30'),
('T-BM-23040400041', 1, 'B000170', 23, NULL, '2023-04-04 04:57:40'),
('T-BM-23040400042', 1, 'B000171', 13, NULL, '2023-04-04 04:57:49'),
('T-BM-23040400043', 1, 'B000131', 21, NULL, '2023-04-04 04:58:02'),
('T-BM-23040400044', 1, 'B000132', 6, NULL, '2023-04-04 04:58:13'),
('T-BM-23040400045', 1, 'B000222', 17, NULL, '2023-04-04 04:59:02'),
('T-BM-23040400046', 1, 'B000125', 3, NULL, '2023-04-04 04:59:14'),
('T-BM-23040400047', 1, 'B000223', 17, NULL, '2023-04-04 05:00:39'),
('T-BM-23040400048', 1, 'B000136', 9, NULL, '2023-04-04 05:00:49'),
('T-BM-23040400049', 1, 'B000224', 2, NULL, '2023-04-04 05:01:24'),
('T-BM-23040400050', 1, 'B000001', 3, NULL, '2023-04-04 05:02:07'),
('T-BM-23040400051', 1, 'B000002', 6, NULL, '2023-04-04 05:02:17'),
('T-BM-23040400052', 1, 'B000004', 4, NULL, '2023-04-04 05:02:30'),
('T-BM-23040400053', 1, 'B000005', 29, NULL, '2023-04-04 05:02:41'),
('T-BM-23040400054', 1, 'B000006', 5, NULL, '2023-04-04 05:05:59'),
('T-BM-23040400055', 1, 'B000007', 60, NULL, '2023-04-04 05:06:20'),
('T-BM-23040400056', 1, 'B000008', 22, NULL, '2023-04-04 05:06:33'),
('T-BM-23040400057', 1, 'B000009', 7, NULL, '2023-04-04 05:06:42'),
('T-BM-23040400058', 1, 'B000010', 102, NULL, '2023-04-04 05:07:45'),
('T-BM-23040400059', 1, 'B000011', 4, NULL, '2023-04-04 05:07:59'),
('T-BM-23040400060', 1, 'B000012', 44, NULL, '2023-04-04 05:08:10'),
('T-BM-23040400061', 1, 'B000011', 36, NULL, '2023-04-04 05:08:39'),
('T-BM-23040400062', 1, 'B000014', 23, NULL, '2023-04-04 05:08:56'),
('T-BM-23040400063', 1, 'B000015', 5, NULL, '2023-04-04 05:09:21'),
('T-BM-23040400064', 1, 'B000016', 19, NULL, '2023-04-04 05:09:34'),
('T-BM-23040400065', 1, 'B000017', 78, NULL, '2023-04-04 05:15:44'),
('T-BM-23040400066', 1, 'B000018', 31, NULL, '2023-04-04 05:15:56'),
('T-BM-23040400067', 1, 'B000019', 8, NULL, '2023-04-04 05:16:07'),
('T-BM-23040400068', 1, 'B000020', 22, NULL, '2023-04-04 05:16:19'),
('T-BM-23040400069', 1, 'B000021', 61, NULL, '2023-04-04 05:16:33'),
('T-BM-23040400070', 1, 'B000022', 106, NULL, '2023-04-04 05:16:49'),
('T-BM-23040400071', 1, 'B000024', 25, NULL, '2023-04-04 05:18:04'),
('T-BM-23040400072', 1, 'B000027', 43, NULL, '2023-04-04 05:18:14'),
('T-BM-23040400073', 1, 'B000028', 21, NULL, '2023-04-04 05:18:24'),
('T-BM-23040400074', 1, 'B000029', 29, NULL, '2023-04-04 05:18:36'),
('T-BM-23040400075', 1, 'B000030', 26, NULL, '2023-04-04 05:18:48'),
('T-BM-23040400076', 1, 'B000033', 13, NULL, '2023-04-04 05:18:58'),
('T-BM-23040400077', 1, 'B000034', 7, NULL, '2023-04-04 05:19:17'),
('T-BM-23040400078', 1, 'B000035', 9, NULL, '2023-04-04 05:19:27'),
('T-BM-23040400079', 1, 'B000036', 19, NULL, '2023-04-04 05:19:36'),
('T-BM-23040400080', 1, 'B000037', 17, NULL, '2023-04-04 05:19:49'),
('T-BM-23040400081', 1, 'B000038', 16, NULL, '2023-04-04 05:20:01'),
('T-BM-23040400082', 1, 'B000042', 64, NULL, '2023-04-04 05:20:14'),
('T-BM-23040400083', 1, 'B000043', 100, NULL, '2023-04-04 05:20:23'),
('T-BM-23040400084', 1, 'B000044', 29, NULL, '2023-04-04 05:20:40'),
('T-BM-23040400085', 1, 'B000104', 11, NULL, '2023-04-04 05:21:41'),
('T-BM-23040400086', 1, 'B000105', 84, NULL, '2023-04-04 05:21:48'),
('T-BM-23040400087', 1, 'B000106', 1, NULL, '2023-04-04 05:21:59'),
('T-BM-23040400088', 1, 'B000107', 3, NULL, '2023-04-04 05:22:11'),
('T-BM-23040400089', 1, 'B000108', 4, NULL, '2023-04-04 05:22:19'),
('T-BM-23040400090', 1, 'B000109', 36, NULL, '2023-04-04 05:22:32'),
('T-BM-23040400091', 1, 'B000109', 324, NULL, '2023-04-04 05:23:02'),
('T-BM-23040400092', 1, 'B000225', 4, NULL, '2023-04-04 05:23:46'),
('T-BM-23040400093', 1, 'B000112', 4, NULL, '2023-04-04 05:24:27'),
('T-BM-23040400094', 1, 'B000113', 5, NULL, '2023-04-04 05:24:37'),
('T-BM-23040400095', 1, 'B000114', 8, NULL, '2023-04-04 05:24:46'),
('T-BM-23040400096', 1, 'B000115', 4, NULL, '2023-04-04 05:25:01'),
('T-BM-23040400097', 1, 'B000117', 9, NULL, '2023-04-04 05:25:10'),
('T-BM-23040400098', 1, 'B000120', 7, NULL, '2023-04-04 05:25:34'),
('T-BM-23040400099', 1, 'B000085', 17, NULL, '2023-04-04 05:26:07'),
('T-BM-23040400100', 1, 'B000086', 25, NULL, '2023-04-04 05:26:15'),
('T-BM-23040400101', 1, 'B000087', 20, NULL, '2023-04-04 05:26:25'),
('T-BM-23040400102', 1, 'B000088', 16, NULL, '2023-04-04 05:26:35'),
('T-BM-23040400103', 1, 'B000089', 10, NULL, '2023-04-04 05:26:46'),
('T-BM-23040400104', 1, 'B000090', 3, NULL, '2023-04-04 05:26:58'),
('T-BM-23040400105', 1, 'B000092', 32, NULL, '2023-04-04 05:27:10'),
('T-BM-23040400106', 1, 'B000093', 24, NULL, '2023-04-04 05:27:28'),
('T-BM-23040400107', 1, 'B000094', 2, NULL, '2023-04-04 05:27:41'),
('T-BM-23040400108', 1, 'B000095', 1, NULL, '2023-04-04 05:27:52'),
('T-BM-23040400109', 1, 'B000096', 2, NULL, '2023-04-04 05:27:58'),
('T-BM-23040400110', 1, 'B000097', 40, NULL, '2023-04-04 05:28:05'),
('T-BM-23040400111', 1, 'B000099', 1, NULL, '2023-04-04 05:28:16'),
('T-BM-23040400112', 1, 'B000100', 4, NULL, '2023-04-04 05:28:27'),
('T-BM-23040400113', 1, 'B000101', 6, NULL, '2023-04-04 05:28:36'),
('T-BM-23040400114', 1, 'B000102', 4, NULL, '2023-04-04 05:28:44'),
('T-BM-23040400115', 1, 'B000103', 6, NULL, '2023-04-04 05:28:51'),
('T-BM-23040400116', 1, 'B000226', 7, NULL, '2023-04-04 05:29:30'),
('T-BM-23040400117', 1, 'B000227', 1, NULL, '2023-04-04 05:33:51'),
('T-BM-23040400118', 1, 'B000187', 8, NULL, '2023-04-04 05:34:33'),
('T-BM-23040400119', 1, 'B000188', 2, NULL, '2023-04-04 05:34:43'),
('T-BM-23040400120', 1, 'B000190', 17, NULL, '2023-04-04 05:34:57'),
('T-BM-23040400121', 1, 'B000191', 2, NULL, '2023-04-04 05:35:07'),
('T-BM-23040400122', 1, 'B000192', 9, NULL, '2023-04-04 05:35:15'),
('T-BM-23040400123', 1, 'B000194', 12, NULL, '2023-04-04 05:35:23'),
('T-BM-23040400124', 1, 'B000195', 9, NULL, '2023-04-04 05:35:39'),
('T-BM-23040400125', 1, 'B000196', 72, NULL, '2023-04-04 05:35:50'),
('T-BM-23040400126', 1, 'B000197', 12, NULL, '2023-04-04 05:36:03'),
('T-BM-23040400127', 1, 'B000198', 30, NULL, '2023-04-04 05:36:09'),
('T-BM-23040400128', 1, 'B000199', 6, NULL, '2023-04-04 05:36:25'),
('T-BM-23040400129', 1, 'B000200', 9, NULL, '2023-04-04 05:36:42'),
('T-BM-23040400130', 1, 'B000201', 12, NULL, '2023-04-04 05:36:50'),
('T-BM-23040400131', 1, 'B000202', 11, NULL, '2023-04-04 05:36:57'),
('T-BM-23040400132', 1, 'B000203', 10, NULL, '2023-04-04 05:37:03'),
('T-BM-23040400133', 1, 'B000204', 58, NULL, '2023-04-04 05:37:10'),
('T-BM-23040400134', 1, 'B000205', 1, NULL, '2023-04-04 05:37:26'),
('T-BM-23040400135', 1, 'B000174', 20, NULL, '2023-04-04 05:37:42'),
('T-BM-23040400136', 1, 'B000175', 1, NULL, '2023-04-04 05:37:55'),
('T-BM-23040400137', 1, 'B000176', 9, NULL, '2023-04-04 05:39:32'),
('T-BM-23040400138', 1, 'B000179', 9, NULL, '2023-04-04 05:42:48'),
('T-BM-23040400139', 1, 'B000180', 7, NULL, '2023-04-04 05:43:35'),
('T-BM-23040400140', 1, 'B000181', 99, NULL, '2023-04-04 05:43:45'),
('T-BM-23040400141', 1, 'B000182', 2, NULL, '2023-04-04 05:44:10'),
('T-BM-23040400142', 1, 'B000183', 8, NULL, '2023-04-04 05:44:22'),
('T-BM-23040400143', 1, 'B000185', 3, NULL, '2023-04-04 05:44:28'),
('T-BM-23040400144', 1, 'B000150', 6, NULL, '2023-04-04 05:44:39'),
('T-BM-23040400145', 1, 'B000151', 14, NULL, '2023-04-04 05:44:46'),
('T-BM-23040400146', 1, 'B000155', 1, NULL, '2023-04-04 05:44:53'),
('T-BM-23041300001', 17, 'B000035', 28, NULL, '2023-04-13 09:08:51'),
('T-BM-23041300002', 17, 'B000052', 12, NULL, '2023-04-13 00:00:00'),
('T-BM-23041400001', 17, 'B000016', 61, NULL, '2023-04-13 00:00:00'),
('T-BM-23042500001', 15, 'B000268', 10, NULL, '2023-04-25 10:56:28'),
('T-BM-23042500002', 15, 'B000268', 20, NULL, '2023-04-25 10:59:01'),
('T-BM-23042500003', 1, 'B000268', 10, NULL, '2023-04-25 11:04:39'),
('T-BM-23042500004', 1, 'B000268', 19, NULL, '2023-04-25 11:19:39'),
('T-BM-23052700001', 1, 'B000003', 22, 77, '2023-05-27 03:21:29'),
('T-BM-23052700002', 1, 'B000003', 22, 99, '2023-05-27 03:36:53');

--
-- Triggers `barang_masuk`
--
DELIMITER $$
CREATE TRIGGER `update_stok_masuk` BEFORE INSERT ON `barang_masuk` FOR EACH ROW UPDATE `barang` SET `barang`.`stok` = `barang`.`stok` + NEW.jumlah_masuk WHERE `barang`.`id_barang` = NEW.barang_id
$$
DELIMITER ;

-- --------------------------------------------------------

--
-- Table structure for table `category`
--

CREATE TABLE `category` (
  `id_category` int(11) NOT NULL,
  `name_category` varchar(50) NOT NULL,
  `created_by` int(11) NOT NULL,
  `created_at` datetime NOT NULL,
  `is_deleted` int(11) NOT NULL DEFAULT 0
) ENGINE=InnoDB DEFAULT CHARSET=latin1;

--
-- Dumping data for table `category`
--

INSERT INTO `category` (`id_category`, `name_category`, `created_by`, `created_at`, `is_deleted`) VALUES
(1, 'Nasi Padang', 1, '2023-07-12 13:42:52', 0),
(2, 'Entree', 1, '2023-07-12 13:43:32', 0);

-- --------------------------------------------------------

--
-- Table structure for table `jenis`
--

CREATE TABLE `jenis` (
  `id_jenis` int(11) NOT NULL,
  `nama_jenis` varchar(20) NOT NULL,
  `user_id` int(11) NOT NULL,
  `created_att` datetime NOT NULL DEFAULT current_timestamp(),
  `updated_at` datetime DEFAULT NULL
) ENGINE=InnoDB DEFAULT CHARSET=utf8mb3;

--
-- Dumping data for table `jenis`
--

INSERT INTO `jenis` (`id_jenis`, `nama_jenis`, `user_id`, `created_att`, `updated_at`) VALUES
(6, 'Dry Stock', 1, '2023-03-28 02:20:46', '2023-03-31 03:39:38'),
(8, 'Chiller Room', 1, '2023-03-28 02:23:46', NULL),
(9, 'Freezer Room', 17, '2023-03-28 02:23:52', '2023-04-13 09:08:19'),
(10, 'Fridge', 1, '2023-03-28 02:23:58', '2023-03-31 03:39:27'),
(15, 'Chiller Floor', 1, '2023-04-02 10:02:20', '2023-04-02 10:04:19'),
(16, 'Freezer floor', 1, '2023-04-02 10:04:28', NULL),
(17, 'Storage room floor', 1, '2023-04-02 10:05:49', NULL),
(18, 'Floor', 1, '2023-04-09 09:34:17', NULL);

-- --------------------------------------------------------

--
-- Table structure for table `product`
--

CREATE TABLE `product` (
  `id_product` int(11) NOT NULL,
  `id_category` int(11) NOT NULL,
  `code_product` varchar(50) NOT NULL,
  `name_product` varchar(50) NOT NULL,
  `image` varchar(100) NOT NULL,
  `price_product` float NOT NULL,
  `describe_product` text DEFAULT NULL,
  `created_at` datetime NOT NULL,
  `created_by` int(11) NOT NULL
) ENGINE=InnoDB DEFAULT CHARSET=latin1;

--
-- Dumping data for table `product`
--

INSERT INTO `product` (`id_product`, `id_category`, `code_product`, `name_product`, `image`, `price_product`, `describe_product`, `created_at`, `created_by`) VALUES
(1, 1, '', 'ayam goyeng', '1.jpg', 20.2, 'eheehehhehe\r\n', '2023-07-12 15:05:49', 1),
(2, 2, '', 'ayam rebus', '2.jpg', 12.55, 'xsajxanxksajnxskajn', '2023-07-12 15:06:05', 1),
(3, 1, '', 'bebek goyeng', '2.jpg', 11.11, 'hxhsxhsxhshxs', '2023-07-12 15:07:01', 1),
(4, 1, '', 'bebek goyeng', '2.jpg', 2.44, 'hxhsxhsxhshxs', '2023-07-12 15:07:01', 1),
(5, 1, '', 'bebek goyeng', '2.jpg', 3.54, 'hxhsxhsxhshxs', '2023-07-12 15:07:01', 1),
(6, 1, '', 'bebek goyeng', '2.jpg', 4.55, 'hxhsxhsxhshxs', '2023-07-12 15:07:01', 1),
(7, 1, '', 'bebek goyeng', '2.jpg', 6.11, 'hxhsxhsxhshxs', '2023-07-12 15:07:01', 1),
(8, 1, '', 'bebek goyeng', '2.jpg', 2.44, 'hxhsxhsxhshxs', '2023-07-12 15:07:01', 1),
(9, 1, '', 'bebek goyeng', '2.jpg', 5.66, 'hxhsxhsxhshxs', '2023-07-12 15:07:01', 1),
(10, 1, '', 'bebek goyeng', '2.jpg', 6.12, 'hxhsxhsxhshxs', '2023-07-12 15:07:01', 1),
(11, 1, '', 'bebek goyeng', '2.jpg', 9.22, 'hxhsxhsxhshxs', '2023-07-12 15:07:01', 1),
(12, 1, '', 'bebek goyeng', '2.jpg', 5.66, 'hxhsxhsxhshxs', '2023-07-12 15:07:01', 1),
(13, 1, '', 'xjsxjsnxjs', '2.jpg', 9.22, 'ujxnjsnxjsnxksxnskj		', '2023-07-12 15:28:12', 1);

-- --------------------------------------------------------

--
-- Table structure for table `transaction`
--

CREATE TABLE `transaction` (
  `id_transaction` int(11) NOT NULL,
  `code_transaction` varchar(100) NOT NULL,
  `id_product` int(11) NOT NULL,
  `price_product` float NOT NULL,
  `qty` int(11) NOT NULL,
  `notes` text DEFAULT NULL,
  `created_at` datetime NOT NULL,
  `created_by` int(11) NOT NULL,
  `disc` float DEFAULT NULL
) ENGINE=InnoDB DEFAULT CHARSET=latin1;

-- --------------------------------------------------------

--
-- Table structure for table `user`
--

CREATE TABLE `user` (
  `id_user` int(11) NOT NULL,
  `nama` varchar(50) NOT NULL,
  `username` varchar(50) NOT NULL,
  `pin` int(11) NOT NULL,
  `email` varchar(100) NOT NULL,
  `no_telp` varchar(15) NOT NULL,
  `role` enum('user','admin') NOT NULL,
  `password` varchar(255) NOT NULL,
  `created_at` datetime NOT NULL DEFAULT current_timestamp(),
  `foto` text NOT NULL,
  `is_active` tinyint(1) NOT NULL
) ENGINE=InnoDB DEFAULT CHARSET=utf8mb3;

--
-- Dumping data for table `user`
--

INSERT INTO `user` (`id_user`, `nama`, `username`, `pin`, `email`, `no_telp`, `role`, `password`, `created_at`, `foto`, `is_active`) VALUES
(1, 'Administrator', 'admin', 1111, 'admin@admin.com', '025123456789', 'admin', '$2y$10$wMgi9s3FEDEPEU6dEmbp8eAAEBUXIXUy3np3ND2Oih.MOY.q/Kpoy', '2023-03-28 02:24:38', 'user.png', 1),
(15, 'user123', 'user123', 2222, 'user123@gmail.com', '098765434567', 'user', '$2y$10$x2nFUQnnNwnX3phmsDTQ0eeNQ11UX.srfyizy8eEPFAnhPCU3j2fu', '2023-03-29 08:57:06', 'user.png', 1),
(17, 'Siska', 'siska', 3333, 'franssiscaxaveria@gmail.com', '+62878710923', 'user', '$2y$10$uzOfqV2YgomsJiEQc.g2W.7KdZ.ou6We7Re9Zst5BIoLdJ6k.QHUu', '2023-04-04 15:45:37', 'user.png', 1),
(18, 'Intan', 'intan', 4444, 'intan@gmail.com', '+61452336254', 'user', '$2y$10$lNy8Ba8kT3vWkECmh1RrlONZBE1eNCXv3PWf6q/AUgdweW06MJQTm', '2023-04-04 15:50:33', 'user.png', 1);

--
-- Indexes for dumped tables
--

--
-- Indexes for table `barang`
--
ALTER TABLE `barang`
  ADD PRIMARY KEY (`id_barang`),
  ADD KEY `kategori_id` (`jenis_id`),
  ADD KEY `user_id` (`user_id`);

--
-- Indexes for table `barang_keluar`
--
ALTER TABLE `barang_keluar`
  ADD PRIMARY KEY (`id_barang_keluar`),
  ADD KEY `id_user` (`user_id`),
  ADD KEY `barang_id` (`barang_id`);

--
-- Indexes for table `barang_masuk`
--
ALTER TABLE `barang_masuk`
  ADD PRIMARY KEY (`id_barang_masuk`),
  ADD KEY `id_user` (`user_id`),
  ADD KEY `barang_id` (`barang_id`);

--
-- Indexes for table `category`
--
ALTER TABLE `category`
  ADD PRIMARY KEY (`id_category`);

--
-- Indexes for table `jenis`
--
ALTER TABLE `jenis`
  ADD PRIMARY KEY (`id_jenis`),
  ADD KEY `nama_jenis` (`nama_jenis`),
  ADD KEY `user_id` (`user_id`);

--
-- Indexes for table `product`
--
ALTER TABLE `product`
  ADD PRIMARY KEY (`id_product`);

--
-- Indexes for table `transaction`
--
ALTER TABLE `transaction`
  ADD PRIMARY KEY (`id_transaction`);

--
-- Indexes for table `user`
--
ALTER TABLE `user`
  ADD PRIMARY KEY (`id_user`);

--
-- AUTO_INCREMENT for dumped tables
--

--
-- AUTO_INCREMENT for table `category`
--
ALTER TABLE `category`
  MODIFY `id_category` int(11) NOT NULL AUTO_INCREMENT, AUTO_INCREMENT=3;

--
-- AUTO_INCREMENT for table `jenis`
--
ALTER TABLE `jenis`
  MODIFY `id_jenis` int(11) NOT NULL AUTO_INCREMENT, AUTO_INCREMENT=19;

--
-- AUTO_INCREMENT for table `product`
--
ALTER TABLE `product`
  MODIFY `id_product` int(11) NOT NULL AUTO_INCREMENT, AUTO_INCREMENT=14;

--
-- AUTO_INCREMENT for table `transaction`
--
ALTER TABLE `transaction`
  MODIFY `id_transaction` int(11) NOT NULL AUTO_INCREMENT;

--
-- AUTO_INCREMENT for table `user`
--
ALTER TABLE `user`
  MODIFY `id_user` int(11) NOT NULL AUTO_INCREMENT, AUTO_INCREMENT=19;

--
-- Constraints for dumped tables
--

--
-- Constraints for table `barang`
--
ALTER TABLE `barang`
  ADD CONSTRAINT `barang_ibfk_2` FOREIGN KEY (`jenis_id`) REFERENCES `jenis` (`id_jenis`) ON DELETE CASCADE ON UPDATE CASCADE;

--
-- Constraints for table `barang_keluar`
--
ALTER TABLE `barang_keluar`
  ADD CONSTRAINT `barang_keluar_ibfk_1` FOREIGN KEY (`user_id`) REFERENCES `user` (`id_user`) ON DELETE CASCADE ON UPDATE CASCADE,
  ADD CONSTRAINT `barang_keluar_ibfk_2` FOREIGN KEY (`barang_id`) REFERENCES `barang` (`id_barang`) ON DELETE CASCADE ON UPDATE CASCADE;

--
-- Constraints for table `barang_masuk`
--
ALTER TABLE `barang_masuk`
  ADD CONSTRAINT `barang_masuk_ibfk_1` FOREIGN KEY (`user_id`) REFERENCES `user` (`id_user`) ON DELETE CASCADE ON UPDATE CASCADE,
  ADD CONSTRAINT `barang_masuk_ibfk_3` FOREIGN KEY (`barang_id`) REFERENCES `barang` (`id_barang`) ON DELETE CASCADE ON UPDATE CASCADE;

--
-- Constraints for table `jenis`
--
ALTER TABLE `jenis`
  ADD CONSTRAINT `fk` FOREIGN KEY (`user_id`) REFERENCES `user` (`id_user`) ON DELETE CASCADE ON UPDATE CASCADE;
COMMIT;

/*!40101 SET CHARACTER_SET_CLIENT=@OLD_CHARACTER_SET_CLIENT */;
/*!40101 SET CHARACTER_SET_RESULTS=@OLD_CHARACTER_SET_RESULTS */;
/*!40101 SET COLLATION_CONNECTION=@OLD_COLLATION_CONNECTION */;
